_NAME_,Factor1,Factor2,Factor3,Factor4,Factor5,loaded,factor,pole
v000001,0.5879312605,0.0185135914,-0.284523623,0.0781600267,0.0445914456,1,fac1,1
v000002,0.6146228149,-0.211020461,-0.28699308,-0.154286655,0.0933907809,1,fac1,1
v000003,0.1213917156,0.0010853352,0.1678295933,0.1395551023,-0.03032732,0,,
v000004,0.2637903569,0.2874754173,0.7562621145,-0.104114335,0.2490876288,1,fac3,1
v000005,-0.007989685,0.9094832262,-0.234005386,-0.370411162,-0.08342674,1,fac2,1
v000006,0.384355004,-0.033596214,-0.011781867,0.0463839261,-0.01351618,1,fac1,1
v000007,0.7254632985,-0.25117577,-0.554547931,-0.612796631,0.465811362,1,fac1,1
v000008,-0.054002519,0.0156120745,-0.016437548,-0.085774379,-0.708036954,1,fac5,-1
v000009,0.2617707537,0.6226345224,0.2047242694,0.03236563,-0.022877872,1,fac2,1
v000010,0.2361431614,0.0847736028,0.0409284317,-0.028331846,0.0790239626,0,,
v000011,-0.781590979,-0.296248124,-0.401379218,0.4381403608,0.3769356575,1,fac1,-1
v000012,0.4031825138,-0.219493391,-0.061493837,0.3332088516,0.1369936842,1,fac1,1
v000013,0.5260682517,0.1994768461,-0.110902675,0.1562269798,0.262671914,1,fac1,1
v000014,0.3576434381,0.6133008002,-0.145300351,0.1191952226,0.016346056,1,fac2,1
v000015,0.5776663076,0.1621232431,0.0631613121,0.1187354725,0.3416278223,1,fac1,1
v000016,0.7186362768,-0.004150678,0.0684093186,0.1732986292,-0.099603446,1,fac1,1
v000017,0.1620074877,1.0364069896,0.2415507617,0.0422346793,0.1595693084,1,fac2,1
v000018,0.0586169796,-0.370876244,-0.323256922,0.280250614,0.6947036469,1,fac5,1
v000019,0.3476287771,-0.204367457,0.2741454962,0.0143667405,0.0199066481,1,fac1,1
v000020,0.0824730588,0.0352560053,0.0627625565,0.0576564072,0.0589465611,0,,
v000021,-0.04840604,0.3344342411,0.8006009022,-0.096951204,0.0145770587,1,fac3,1
v000022,0.5290513246,0.1416459627,0.1226736177,0.0597230429,-0.006391667,1,fac1,1
v000023,0.3254651304,-0.302652218,0.7472791074,-0.093463072,-0.253462322,1,fac3,1
v000024,-0.577024382,-0.710705692,0.4684601373,0.1304494095,0.6139024989,1,fac2,-1
v000025,0.3416707767,-0.036288005,-0.032649284,-0.03368651,0.0138973027,1,fac1,1
v000026,0.6417086833,0.3714229157,0.125309237,-0.042414916,0.2015471774,1,fac1,1
v000027,0.3952842979,0.093936672,0.0084228998,-0.037039987,-0.146434977,1,fac1,1
v000028,-0.028364,0.7000772153,0.0597136588,0.122541302,-0.189231152,1,fac2,1
v000029,0.0970000218,0.2471706896,0.0437858936,0.3335623225,0.0518225459,1,fac4,1
v000030,0.6197471406,0.2584290636,-0.717942594,-0.221858778,0.2907450183,1,fac3,-1
v000031,-0.095089676,-0.030651827,0.5605354857,-0.333424219,0.1623642518,1,fac3,1
v000032,0.1954629094,-0.06237973,0.1361105596,0.1763115354,0.1499612873,0,,
v000033,0.7039168315,-0.504706106,0.0904786463,-0.661234695,-0.277418502,1,fac1,1
v000034,0.3079466597,0.1025091247,0.8030227741,0.3910672933,-0.057594674,1,fac3,1
v000035,0.4162169228,-0.404835304,0.2956732152,0.081083856,0.3646175591,1,fac1,1
v000036,0.225993048,-0.058329728,-0.754096194,-0.031008951,-0.02784354,1,fac3,-1
v000037,-0.088271311,0.2819407972,0.4581001035,0.0240729087,-0.004040655,1,fac3,1
v000038,-1.049101513,-0.004779529,-0.168461803,-1.067624754,0.0225421392,1,fac4,-1
v000039,0.1753294033,0.0376067947,-0.006575359,0.2707329097,-0.220898182,0,,
v000040,-0.095726498,-0.159411481,-0.854424138,0.1124159551,-0.68509926,1,fac3,-1
v000041,0.0354461407,0.0147778679,0.0098895753,0.0018972004,0.0267468941,0,,
v000042,0.1813890786,-0.005562877,-0.150098311,-0.141390056,0.0036272387,0,,
v000043,0.5088274354,0.05719387,0.1020803584,0.1221004731,0.0874198559,1,fac1,1
v000044,0.2265472456,-0.00062965,-0.037221845,0.0719326581,0.0163548788,0,,
v000045,0.4274597342,-0.085771727,-0.103036371,0.0660030124,-0.124529231,1,fac1,1
v000046,-0.015738869,0.5388606316,-0.143710813,0.5258284581,-0.206557984,1,fac2,1
v000047,0.5409864265,0.361295584,0.0658924058,-0.098983007,-0.270669376,1,fac1,1
v000048,0.4198440313,-0.175097185,-0.100915321,0.3708068189,0.2553087887,1,fac1,1
v000049,-0.067536547,-0.50702786,-0.309172791,0.1727198274,-0.43559531,1,fac2,-1
v000050,0.544093367,-0.33528583,0.1331677884,-0.021908228,-0.441986925,1,fac1,1
v000051,0.600300491,0.0180198099,-0.261508104,0.0310030011,-0.10351462,1,fac1,1
v000052,0.3998674597,-0.046255091,-0.046929047,0.2748212174,-0.168528579,1,fac1,1
v000053,0.0498301486,-0.078167467,-0.124678911,-0.055226579,0.0995286035,0,,
v000054,0.2247526433,-0.428412459,0.4605684824,-0.283375532,-0.680789074,1,fac5,-1
v000055,-0.026597733,-0.048564726,0.4533870583,0.5486788086,0.1748546746,1,fac4,1
v000056,-0.083586137,0.1322708137,0.3931798455,0.4914076511,0.4888830833,1,fac4,1
v000057,0.0946370741,0.1146559331,-0.036280269,0.420739858,0.0251621772,1,fac4,1
v000058,0.2928268455,-0.093554787,-0.230361923,0.5125759674,0.6154971939,1,fac5,1
v000059,0.6025255804,-0.751184873,-0.164772434,-0.048408875,-0.116935036,1,fac2,-1
v000060,0.4966548407,-0.551305716,-0.265996578,-0.206536723,0.3240458213,1,fac2,-1
v000061,0.0428520314,0.2721770964,0.1962031603,0.379744769,-0.100019111,1,fac4,1
v000062,-0.459958702,0.047640643,-0.022538857,-0.220168509,0.8981486843,1,fac5,1
v000063,0.1340590408,0.0186583239,-0.424406773,0.3979521634,-0.623405373,1,fac5,-1
v000064,0.3867202781,-0.013561988,0.005249654,0.3599402885,-0.342248016,1,fac1,1
v000065,0.0055916269,-0.595191206,0.00815047,0.9075279587,-0.037438422,1,fac4,1
v000066,-0.05941659,0.3423302211,0.1536937801,0.0095825791,0.2615891393,1,fac2,1
v000067,-0.849404433,0.0737056736,-0.295696015,-0.139892609,-0.775786757,1,fac1,-1
v000068,-0.392837049,0.1106926455,-0.018828496,0.1691089446,-0.126009364,1,fac1,-1
v000069,0.317446362,0.0208715138,-0.011908469,0.1905295599,-0.012454017,1,fac1,1
v000070,0.3628373233,0.0294626164,-0.10177848,0.3212611406,0.0961465294,1,fac1,1
v000071,0.2510400641,-0.098314889,-0.022814306,0.0655874135,0.2387420437,0,,
v000072,0.2921502072,0.2884114581,-0.567671083,0.2488945197,0.0759863875,1,fac3,-1
v000073,0.2443788278,0.2494373534,0.0227737396,-0.213609286,0.0226032865,0,,
v000074,-0.088131418,-0.000544731,-0.011064697,-0.315609135,-0.049010483,1,fac4,-1
v000075,0.023394044,-0.082809702,-0.217869338,0.6708571893,0.1475648754,1,fac4,1
v000076,0.2974028895,0.0876306772,-0.126629369,-0.151410624,0.0136430228,0,,
v000077,0.1347971489,0.3632723959,0.1460058055,-0.367232555,0.2070047701,1,fac4,-1
v000078,-1.16573455,-0.288349445,0.0269011426,-0.368680373,0.200220703,1,fac1,-1
v000079,0.4990952729,-0.008323022,0.0505807375,0.2129666544,-0.033770781,1,fac1,1
v000080,0.7095894916,0.0119159973,-0.024511998,0.0939376942,-0.28533626,1,fac1,1
