_NAME_,Factor1,Factor2,Factor3,Factor4,loaded,factor,pole
v000001,-0.542071275,0.1015218358,-0.289386945,0.0951115714,1,fac1,-1
v000002,-0.513663046,0.4257790256,-0.280811825,-0.023506024,1,fac1,-1
v000003,-0.163128263,-0.066563064,0.1564480412,0.0844078126,0,,
v000004,-0.244953445,-0.116596963,0.7732638064,-0.121175393,1,fac3,1
v000005,0.0612897749,-0.613694647,-0.227517712,-0.547926725,1,fac2,-1
v000006,-0.379537483,0.0771599431,-0.021452909,0.0327750605,1,fac1,-1
v000007,-0.424881281,0.8499560614,-0.494240629,-0.205604846,1,fac2,1
v000008,-0.109626643,-0.242512957,-0.088577009,-0.4004841,1,fac4,-1
v000009,-0.287825187,-0.517495095,0.1955896526,-0.15955214,1,fac2,-1
v000010,-0.207117359,0.0121343552,0.045663692,-0.017523633,0,,
v000011,0.8114487068,0.0714395338,-0.355708896,0.673002693,1,fac1,1
v000012,-0.40204957,0.1661832034,-0.063538901,0.3935475864,1,fac1,-1
v000013,-0.458643163,-0.03395838,-0.095144361,0.2029365511,1,fac1,-1
v000014,-0.353192498,-0.487517226,-0.15055889,-0.034613368,1,fac2,-1
v000015,-0.497494722,0.0393044389,0.0854914373,0.1988280757,1,fac1,-1
v000016,-0.751653667,0.0201293372,0.038955386,0.0771371919,1,fac1,-1
v000017,-0.15535229,-0.828017736,0.2539111861,-0.167861855,1,fac2,-1
v000018,0.1032592493,0.4786390563,-0.255180436,0.6766778671,1,fac4,1
v000019,-0.35450846,0.2180164749,0.2660682189,0.0358433362,1,fac1,-1
v000020,-0.080336946,-0.024032458,0.0652772635,0.0593514498,0,,
v000021,-0.009098517,-0.309367001,0.797515862,-0.231503324,1,fac3,1
v000022,-0.53311749,-0.058171474,0.1096124886,-0.011403173,1,fac1,-1
v000023,-0.425180951,0.2069865382,0.7079190342,-0.202680047,1,fac3,1
v000024,0.6517260616,0.6177107166,0.5340785283,0.534358623,1,fac1,1
v000025,-0.316161521,0.1197037093,-0.036059542,-0.018429007,1,fac1,-1
v000026,-0.574691333,-0.108409501,0.1358934832,-0.059934421,1,fac1,-1
v000027,-0.412371073,-0.040989379,-0.013221093,-0.132034785,1,fac1,-1
v000028,-0.053359058,-0.729199379,0.0371810939,-0.158035706,1,fac2,-1
v000029,-0.143183332,-0.328288309,0.0379182852,0.2392110409,1,fac2,-1
v000030,-0.423575997,0.1680048639,-0.682925322,-0.061331041,1,fac3,-1
v000031,0.1382083397,0.1734937581,0.5829356132,-0.25044973,1,fac3,1
v000032,-0.191910768,0.053346818,0.1418573621,0.2153061886,0,,
v000033,-0.637857536,0.7568784855,0.0651910205,-0.590227584,1,fac2,1
v000034,-0.45032754,-0.294576827,0.7710980623,0.1940109519,1,fac3,1
v000035,-0.345301258,0.4951024889,0.320676838,0.2960939462,1,fac2,1
v000036,-0.150422382,0.1594571028,-0.751875716,0.0419743497,1,fac3,-1
v000037,0.0355878789,-0.306418368,0.4539809276,-0.091444857,1,fac3,1
v000038,1.2105503466,0.3137424704,-0.11421883,-0.847611775,1,fac1,1
v000039,-0.269557708,-0.202643248,-0.041104851,0.1136523111,0,,
v000040,-0.019792915,-0.115106583,-0.920021012,-0.098895598,1,fac3,-1
v000041,-0.028758707,0.0024096155,0.0119778386,0.0085833161,0,,
v000042,-0.136054779,0.1181720319,-0.147199222,-0.106290696,0,,
v000043,-0.497986539,0.0170221331,0.097676765,0.1074402283,1,fac1,-1
v000044,-0.222613673,0.0202262897,-0.041231101,0.0664700715,0,,
v000045,-0.443359784,0.0875483606,-0.125022644,0.0183309842,1,fac1,-1
v000046,-0.118015629,-0.764427724,-0.178075482,0.2324046256,1,fac2,-1
v000047,-0.581087275,-0.261461996,0.0300178031,-0.315307656,1,fac1,-1
v000048,-0.391680365,0.1611808703,-0.091146093,0.4726230429,1,fac4,1
v000049,-0.040297471,0.2034953692,-0.357179337,0.0981277482,1,fac3,-1
v000050,-0.639021386,0.2257345853,0.0744511382,-0.167887191,1,fac1,-1
v000051,-0.585178364,0.069723402,-0.28134668,-0.015523877,1,fac1,-1
v000052,-0.468615656,-0.067718542,-0.079742231,0.1599521805,1,fac1,-1
v000053,-0.001603314,0.147962279,-0.112073013,0.029022162,0,,
v000054,-0.376091987,0.2483426268,0.3857513198,-0.500091635,1,fac4,-1
v000055,-0.063820047,-0.188895996,0.4514494717,0.512627054,1,fac4,1
v000056,0.0829585436,-0.206740921,0.4286164727,0.5729645363,1,fac4,1
v000057,-0.153750344,-0.259525034,-0.04686296,0.3401800785,1,fac4,1
v000058,-0.192363002,0.1454704719,-0.182214424,0.7545698688,1,fac4,1
v000059,-0.578168294,0.745441916,-0.186467688,0.0875377657,1,fac2,1
v000060,-0.331999225,0.7982169045,-0.232409716,0.1219756079,1,fac2,1
v000061,-0.150969067,-0.449365527,0.1720451184,0.1886490628,1,fac2,-1
v000062,0.7062447818,0.3031840545,0.0886927288,0.2311729436,1,fac1,1
v000063,-0.314289066,-0.365714453,-0.500316016,0.0806932834,1,fac3,-1
v000064,-0.518930392,-0.204970767,-0.048921328,0.1389108325,1,fac1,-1
v000065,-0.162873605,0.0751955441,-0.02363287,0.891218905,1,fac4,1
v000066,0.1037128309,-0.22277144,0.1814778965,0.0330572124,0,,
v000067,0.6722820249,-0.421591111,-0.355887689,-0.445291446,1,fac1,1
v000068,0.3182859676,-0.291481809,-0.029697219,0.0691254906,1,fac1,1
v000069,-0.33982396,-0.047518633,-0.024328223,0.1433995548,1,fac1,-1
v000070,-0.370349404,-0.058706428,-0.106152244,0.3093622283,1,fac1,-1
v000071,-0.189689074,0.1909573584,-0.003631423,0.185488115,0,,
v000072,-0.255729812,-0.227321291,-0.565036174,0.2229632984,1,fac3,-1
v000073,-0.197886643,-0.060099528,0.0272433169,-0.238137129,0,,
v000074,0.126858408,0.1110855237,-0.005435209,-0.285635569,0,,
v000075,-0.078431422,-0.160564062,-0.219680775,0.6746392634,1,fac4,1
v000076,-0.246513309,0.0678262472,-0.124533138,-0.137685622,0,,
v000077,-0.032591456,-0.049868713,0.1755076846,-0.319186542,1,fac4,-1
v000078,1.2343313315,0.2602645733,0.0791946808,-0.123191458,1,fac1,1
v000079,-0.529034592,-0.011122633,0.0311816529,0.1491010265,1,fac1,-1
v000080,-0.76784142,-0.019240548,-0.070307237,-0.0704015,1,fac1,-1
